sample_name,season,subjects,add_0c,add_0c_group,facility,climate,timepoint,traintest_0,traintest_1,traintest_2,traintest_3,traintest_4,traintest_5,traintest_6,traintest_7,traintest_8,traintest_9,metabolite_logratio,mag_logratio,18S_logratio,gene_module_logratio
soil.hip.UTK.K016.07.2017.Jan.26.day20,winter,K016.07,212.9,advanced,ARF,temperate,20,train,train,train,train,train,train,train,train,train,train,1.164884137481513,-6.616871664920831,-6.042814203543525,
soil.hip.UTK.K016.07.2017.Jan.22.day16,winter,K016.07,174.6,active,ARF,temperate,16,test,test,test,test,test,test,test,test,test,test,1.0958982801170052,-5.667016721344488,-2.360058096085215,6.155936199646973
soil.hip.UTK.K016.07.2017.Jan.12.day6,winter,K016.07,32.8,early,ARF,temperate,6,train,train,train,train,train,train,train,train,train,train,0.24073643428032732,-6.108396682143481,-4.523476341162761,6.32459682569743
soil.hip.UTK.K016.07.2017.Jan.16.day10,winter,K016.07,94.1,active,ARF,temperate,10,train,train,train,train,train,train,train,train,train,train,0.8145278435550463,-9.362232274040942,-9.12061258160141,5.0655626327649586
soil.hip.UTK.K016.07.2017.Jan.06.day1,winter,K016.07,0.0,initial,ARF,temperate,1,train,train,train,train,train,train,train,train,train,train,0.5949395509642397,-10.134659079310397,-4.37935257775219,
soil.hip.UTK.K016.07.2017.Jan.25.day19,winter,K016.07,202.2,advanced,ARF,temperate,19,train,train,train,train,train,train,train,train,train,train,1.6222626829380857,-6.119670391781172,-2.1465622970479004,4.664018579330158
soil.hip.UTK.K016.07.2017.Jan.19.day13,winter,K016.07,133.9,active,ARF,temperate,13,train,train,train,train,train,train,train,train,train,train,-1.7660456439283507,-5.097121257625692,-5.23717098914397,
soil.hip.UTK.K016.07.2017.Jan.24.day18,winter,K016.07,194.1,active,ARF,temperate,18,train,train,train,train,train,train,train,train,train,train,0.6668605856060488,-6.231500132181819,-3.7542895654304234,5.5399130654335265
soil.hip.UTK.K016.07.2017.Jan.10.day4,winter,K016.07,3.9,early,ARF,temperate,4,test,test,test,test,test,test,test,test,test,test,1.2420661930973047,,-4.468319884529492,
soil.hip.UTK.K016.07.2017.Jan.23.day17,winter,K016.07,186.2,active,ARF,temperate,17,train,train,train,train,train,train,train,train,train,train,0.6598730761631959,-8.002152377771502,-6.501305044157724,5.469978216297212
soil.hip.UTK.K016.07.2017.Jan.15.day9,winter,K016.07,80.4,active,ARF,temperate,9,train,train,train,train,train,train,train,train,train,train,1.1077451134609984,-10.866337695300114,-8.078868490609361,
soil.hip.UTK.K016.07.2017.Jan.18.day12,winter,K016.07,124.1,active,ARF,temperate,12,train,train,train,train,train,train,train,train,train,train,1.3822509748529797,-9.39223052654826,-4.647494343655123,
soil.hip.UTK.K016.07.2017.Jan.11.day5,winter,K016.07,15.8,early,ARF,temperate,5,train,train,train,train,train,train,train,train,train,train,1.3247841237380076,-9.189810090197044,-4.008136613234982,
soil.hip.UTK.K016.07.2017.Jan.08.day2,winter,K016.07,0.0,early,ARF,temperate,2,test,test,test,test,test,test,test,test,test,test,0.9422194126107133,-8.58824007428251,-3.5388889694659156,
soil.hip.UTK.K016.07.2017.Jan.20.day14,winter,K016.07,148.3,active,ARF,temperate,14,test,test,test,test,test,test,test,test,test,test,1.2723207924901452,-6.436439163196041,-3.827328121587488,
soil.hip.UTK.K016.07.2017.Jan.17.day11,winter,K016.07,109.7,active,ARF,temperate,11,train,train,train,train,train,train,train,train,train,train,0.07471589036900284,-7.861754813774249,-7.737337876085253,
soil.hip.UTK.K016.08.2017.Jan.15.day9,winter,K016.08,80.4,active,ARF,temperate,9,train,train,train,train,train,train,train,train,train,train,1.5519887225777396,-8.88484597052512,-5.343388239049567,6.483468871066999
soil.hip.UTK.K016.08.2017.Jan.23.day17,winter,K016.08,186.2,active,ARF,temperate,17,test,test,test,test,test,test,test,test,test,test,0.8269575528934183,,-7.793132962884196,
soil.hip.UTK.K016.08.2017.Jan.08.day2,winter,K016.08,0.0,early,ARF,temperate,2,train,train,train,train,train,train,train,train,train,train,1.3350172913597422,,-2.4930676169791166,4.862886897742079
soil.hip.UTK.K016.08.2017.Jan.17.day11,winter,K016.08,109.7,active,ARF,temperate,11,train,train,train,train,train,train,train,train,train,train,1.5858634164078413,-8.902753422309448,,
soil.hip.UTK.K016.08.2017.Jan.21.day15,winter,K016.08,161.0,active,ARF,temperate,15,test,test,test,test,test,test,test,test,test,test,-1.0107323298876594,-10.208559354413499,-8.885056808057167,5.43704463805526
soil.hip.UTK.K016.08.2017.Jan.27.day21,winter,K016.08,215.9,advanced,ARF,temperate,21,test,test,test,test,test,test,test,test,test,test,2.314774841148072,-5.984056912888142,-7.542319502109786,4.864303652640186
soil.hip.UTK.K016.08.2017.Jan.11.day5,winter,K016.08,15.8,early,ARF,temperate,5,train,train,train,train,train,train,train,train,train,train,0.9912954874142486,-8.092505870450935,-7.826126198705718,
soil.hip.UTK.K016.08.2017.Jan.16.day10,winter,K016.08,94.1,active,ARF,temperate,10,train,train,train,train,train,train,train,train,train,train,1.338102698917723,-9.3809926152747,-5.511996423170049,
soil.hip.UTK.K016.08.2017.Jan.14.day8,winter,K016.08,64.5,active,ARF,temperate,8,train,train,train,train,train,train,train,train,train,train,0.9963633101434173,-7.124413351826833,-8.454540427352502,
soil.hip.UTK.K016.08.2017.Jan.26.day20,winter,K016.08,212.9,advanced,ARF,temperate,20,train,train,train,train,train,train,train,train,train,train,2.4428500147728283,-7.059241457646878,-8.260304180623569,
soil.hip.UTK.K016.08.2017.Jan.10.day4,winter,K016.08,3.9,early,ARF,temperate,4,train,train,train,train,train,train,train,train,train,train,2.603230188820289,-7.798958131458707,-8.059099532537282,
soil.hip.UTK.K016.08.2017.Jan.13.day7,winter,K016.08,49.3,early,ARF,temperate,7,train,train,train,train,train,train,train,train,train,train,1.7467032762424957,-9.360753318827685,-5.290978606496116,
soil.hip.UTK.K016.08.2017.Jan.22.day16,winter,K016.08,174.6,active,ARF,temperate,16,train,train,train,train,train,train,train,train,train,train,1.7367262540103034,-9.006280488421655,-7.510113110454522,
soil.hip.UTK.K016.08.2017.Jan.06.day1,winter,K016.08,0.0,initial,ARF,temperate,1,train,train,train,train,train,train,train,train,train,train,0.8897558315125718,-7.995026814562979,-6.773330630380399,
soil.hip.UTK.K016.08.2017.Jan.20.day14,winter,K016.08,148.3,active,ARF,temperate,14,train,train,train,train,train,train,train,train,train,train,1.1413910767054016,-9.059180891546237,-8.83048777842206,5.097438299632199
soil.hip.UTK.K016.08.2017.Jan.09.day3,winter,K016.08,0.0,early,ARF,temperate,3,train,train,train,train,train,train,train,train,train,train,2.604098305477052,,,
soil.hip.UTK.K016.08.2017.Jan.24.day18,winter,K016.08,194.1,active,ARF,temperate,18,train,train,train,train,train,train,train,train,train,train,-1.5751581704814317,-6.431305453991652,-4.780150911198911,
soil.hip.UTK.K016.08.2017.Jan.19.day13,winter,K016.08,133.9,active,ARF,temperate,13,train,train,train,train,train,train,train,train,train,train,1.9155518768879567,-6.773862281572364,-8.202610586841697,3.7806841829733107
soil.hip.UTK.K016.01.2016.04.18.day14,spring,UTK.K016.01,176.9444445,active,ARF,temperate,14,train,train,train,train,train,train,train,train,train,train,2.6029033592214095,4.795170905195167,-5.916181947346993,3.960846499415049
soil.hip.UTK.K016.01.2016.04.17.day13,spring,UTK.K016.01,157.7777778,active,ARF,temperate,13,train,train,train,train,train,train,train,train,train,train,2.437267148853051,6.480807301980366,,4.673641535900207
soil.hip.UTK.K016.01.2016.04.13.day9,spring,UTK.K016.01,90.27777779,active,ARF,temperate,9,train,train,train,train,train,train,train,train,train,train,2.637990988957972,-1.3813229986474322,,4.245526684803229
soil.hip.UTK.K016.01.2016.04.24.day20,spring,UTK.K016.01,293.6111111,advanced,ARF,temperate,20,test,test,test,test,test,test,test,test,test,test,2.4468969483722542,5.676277910073304,-1.0840134892469573,2.8895191047342808
soil.hip.UTK.K016.01.2016.04.06.day2,spring,UTK.K016.01,10.55555556,early,ARF,temperate,2,train,train,train,train,train,train,train,train,train,train,2.2558711212587994,,5.3471075307174685,
soil.hip.UTK.K016.01.2016.04.21.day17,spring,UTK.K016.01,242.2222222,advanced,ARF,temperate,17,train,train,train,train,train,train,train,train,train,train,2.5461699546445757,5.892158937689635,2.0898043287153825,2.757335742989576
soil.hip.UTK.K016.01.2016.04.23.day19,spring,UTK.K016.01,276.1111111,advanced,ARF,temperate,19,train,train,train,train,train,train,train,train,train,train,1.2434162473893124,2.653781440269416,,2.9951907061951495
soil.hip.UTK.K016.01.2016.04.20.day16,spring,UTK.K016.01,220.8333333,advanced,ARF,temperate,16,train,train,train,train,train,train,train,train,train,train,3.3820158354842196,5.545390523895117,,2.990633442446815
soil.hip.UTK.K016.01.2016.04.07.day3,spring,UTK.K016.01,23.05555556,early,ARF,temperate,3,train,train,train,train,train,train,train,train,train,train,-0.39768878603483415,-6.403111056427113,1.749199854809259,
soil.hip.UTK.K016.01.2016.04.08.day4,spring,UTK.K016.01,33.05555556,early,ARF,temperate,4,train,train,train,train,train,train,train,train,train,train,2.2227235437849764,-4.408566796573973,1.6835458845878226,
soil.hip.UTK.K016.01.2016.04.16.day12,spring,UTK.K016.01,141.6666667,active,ARF,temperate,12,train,train,train,train,train,train,train,train,train,train,1.0687651860748684,4.620947492630506,0.3101549283038394,5.067865957512214
soil.hip.UTK.K016.01.2016.04.25.day21,spring,UTK.K016.01,313.8888889,advanced,ARF,temperate,21,train,train,train,train,train,train,train,train,train,train,2.080533248211214,5.675485360200934,-0.3136575588550419,2.587332262992917
soil.hip.UTK.K016.01.2016.04.11.day7,spring,UTK.K016.01,62.50000001,active,ARF,temperate,7,train,train,train,train,train,train,train,train,train,train,1.9800402416610883,-6.079120607102461,,
soil.hip.UTK.K016.01.2016.04.10.day6,spring,UTK.K016.01,48.33333334,early,ARF,temperate,6,train,train,train,train,train,train,train,train,train,train,-0.3560864639018302,-5.14481991940098,0.3483066942682158,
soil.hip.UTK.K016.01.2016.04.22.day18,spring,UTK.K016.01,260.0,advanced,ARF,temperate,18,test,test,test,test,test,test,test,test,test,test,1.1086358323771268,1.3283411945305428,,3.8987834103103953
soil.hip.UTK.K016.01.2016.04.12.day8,spring,UTK.K016.01,76.3888889,active,ARF,temperate,8,train,train,train,train,train,train,train,train,train,train,1.545100226184724,-3.6749742965088945,3.771117552350909,
soil.hip.UTK.K016.01.2016.04.14.day10,spring,UTK.K016.01,108.8888889,active,ARF,temperate,10,test,test,test,test,test,test,test,test,test,test,1.5320480801130358,-0.721416177178094,0.14310084364067333,4.767146565522278
soil.hip.UTK.K016.01.2016.04.15.day11,spring,UTK.K016.01,126.6666667,active,ARF,temperate,11,train,train,train,train,train,train,train,train,train,train,2.2600933870083324,3.798227565337198,-0.5849335959197122,4.9954166927386305
soil.hip.UTK.K016.01.2016.04.05.day1,spring,UTK.K016.01,0.0,initial,ARF,temperate,1,test,test,test,test,test,test,test,test,test,test,1.7676623865654104,-6.941473642767898,,
soil.hip.UTK.K016.02.2016.04.29.day17,spring,UTK.K016.02,313.3333333,advanced,ARF,temperate,17,train,train,train,train,train,train,train,train,train,train,1.8011546541273624,-1.4549512562772726,,2.0481045323759437
soil.hip.UTK.K016.02.2016.04.26.day14,spring,UTK.K016.02,245.5555556,advanced,ARF,temperate,14,test,test,test,test,test,test,test,test,test,test,2.12277787069881,1.5491015593748614,-0.8109302162163288,2.616573181672976
soil.hip.UTK.K016.02.2016.05.02.day20,spring,UTK.K016.02,375.8333333,advanced,ARF,temperate,20,train,train,train,train,train,train,train,train,train,train,1.9451848631852116,-2.3188349130884127,,2.561758505367167
soil.hip.UTK.K016.02.2016.05.03.day21,spring,UTK.K016.02,394.4444444,advanced,ARF,temperate,21,train,train,train,train,train,train,train,train,train,train,1.5631613251187808,-1.3901425422091034,1.8123787564307907,3.0267868537542144
soil.hip.UTK.K016.02.2016.04.14.day2,spring,UTK.K016.02,18.61111111,early,ARF,temperate,2,test,test,test,test,test,test,test,test,test,test,2.089249614253701,-5.593551805736039,0.6931471805599454,5.846785028995188
soil.hip.UTK.K016.02.2016.04.16.day4,spring,UTK.K016.02,51.38888889,active,ARF,temperate,4,test,test,test,test,test,test,test,test,test,test,1.4472088563912138,-5.983577515678812,,4.271371532926629
soil.hip.UTK.K016.02.2016.04.24.day12,spring,UTK.K016.02,203.3333333,advanced,ARF,temperate,12,test,test,test,test,test,test,test,test,test,test,1.6708394077498117,-1.4534004946210821,1.2130226398458537,4.350798889302647
soil.hip.UTK.K016.02.2016.04.20.day8,spring,UTK.K016.02,130.5555556,active,ARF,temperate,8,train,train,train,train,train,train,train,train,train,train,3.8684194269502203,-3.578952887386034,,5.580089086779531
soil.hip.UTK.K016.02.2016.04.28.day16,spring,UTK.K016.02,292.2222222,advanced,ARF,temperate,16,train,train,train,train,train,train,train,train,train,train,2.2654198388848528,0.8248097283596927,,2.2977997866375555
soil.hip.UTK.K016.02.2016.04.23.day11,spring,UTK.K016.02,185.8333333,active,ARF,temperate,11,train,train,train,train,train,train,train,train,train,train,3.3536041520947926,-1.8306118492595918,,4.192814113298825
soil.hip.UTK.K016.02.2016.04.19.day7,spring,UTK.K016.02,107.2222222,active,ARF,temperate,7,test,test,test,test,test,test,test,test,test,test,2.11409213046886,-4.202224864332834,,
soil.hip.UTK.K016.02.2016.04.25.day13,spring,UTK.K016.02,223.6111111,advanced,ARF,temperate,13,train,train,train,train,train,train,train,train,train,train,0.13117710936004023,-3.281845950944682,2.1517622032594623,
soil.hip.UTK.K016.02.2016.04.21.day9,spring,UTK.K016.02,151.9444445,active,ARF,temperate,9,train,train,train,train,train,train,train,train,train,train,0.4885318307822324,-4.5671807760841325,,5.927186471219255
soil.hip.UTK.K016.02.2016.05.01.day19,spring,UTK.K016.02,354.7222222,advanced,ARF,temperate,19,train,train,train,train,train,train,train,train,train,train,2.193264612505306,-1.2509945306067767,,1.953851934490765
soil.hip.UTK.K016.02.2016.04.15.day3,spring,UTK.K016.02,36.38888889,early,ARF,temperate,3,train,train,train,train,train,train,train,train,train,train,1.5161508266921793,-6.713017816931715,,4.819154507105784
soil.hip.UTK.K016.02.2016.04.27.day15,spring,UTK.K016.02,269.4444445,advanced,ARF,temperate,15,train,train,train,train,train,train,train,train,train,train,2.0272322775695137,-0.3976231148345821,,2.8547260497779137
soil.hip.UTK.K016.02.2016.04.18.day6,spring,UTK.K016.02,86.66666667,active,ARF,temperate,6,train,train,train,train,train,train,train,train,train,train,1.6516950379771291,-6.662913686848576,,
soil.hip.UTK.K016.02.2016.04.30.day18,spring,UTK.K016.02,332.7777778,advanced,ARF,temperate,18,train,train,train,train,train,train,train,train,train,train,1.9306300050604683,2.6686440057728795,,1.9051748245213922
soil.hip.UTK.K016.02.2016.04.13.day1,spring,UTK.K016.02,0.0,initial,ARF,temperate,1,test,test,test,test,test,test,test,test,test,test,2.091758890382735,-7.133289531106644,,
soil.hip.UTK.K016.02.2016.04.22.day10,spring,UTK.K016.02,169.7222222,active,ARF,temperate,10,test,test,test,test,test,test,test,test,test,test,1.5242775210185542,-2.269206256384095,,3.889679716424204
soil.hip.UTK.K016.03.2016.05.16.day11,spring,UTK.K016.03,193.8888889,active,ARF,temperate,11,train,train,train,train,train,train,train,train,train,train,3.8163200989136232,-1.1479970123965462,,1.5642063738311105
soil.hip.UTK.K016.03.2016.05.17.day12,spring,UTK.K016.03,213.0555556,advanced,ARF,temperate,12,test,test,test,test,test,test,test,test,test,test,2.1555680634128116,-0.21223772805983643,-0.09531017980432521,1.2412154468688268
soil.hip.UTK.K016.03.2016.05.06.day1,spring,UTK.K016.03,0.0,initial,ARF,temperate,1,train,train,train,train,train,train,train,train,train,train,2.499636216181038,-8.750386504175802,1.6094379124341005,
soil.hip.UTK.K016.03.2016.05.08.day3,spring,UTK.K016.03,41.38888889,early,ARF,temperate,3,train,train,train,train,train,train,train,train,train,train,4.25474794831851,-7.599269850411831,1.6451559950361796,
soil.hip.UTK.K016.03.2016.05.07.day2,spring,UTK.K016.03,18.61111111,early,ARF,temperate,2,train,train,train,train,train,train,train,train,train,train,2.1146523823239516,-8.211187767635042,,
soil.hip.UTK.K016.03.2016.05.12.day7,spring,UTK.K016.03,133.3333333,active,ARF,temperate,7,train,train,train,train,train,train,train,train,train,train,2.7571487186146246,-6.8984658113764805,,3.51266818878679
soil.hip.UTK.K016.03.2016.05.13.day8,spring,UTK.K016.03,152.5,active,ARF,temperate,8,train,train,train,train,train,train,train,train,train,train,1.31581164333838,-4.508688931767939,,4.5768305895785595
soil.hip.UTK.K016.03.2016.05.20.day15,spring,UTK.K016.03,268.8888889,advanced,ARF,temperate,15,train,train,train,train,train,train,train,train,train,train,2.3802349655166797,0.3134307326349237,1.8458266904983305,1.242539034190945
soil.hip.UTK.K016.03.2016.05.10.day5,spring,UTK.K016.03,86.11111111,active,ARF,temperate,5,train,train,train,train,train,train,train,train,train,train,2.761302572783759,-3.709309635310504,,3.95711313725027
soil.hip.UTK.K016.03.2016.05.19.day14,spring,UTK.K016.03,250.8333333,advanced,ARF,temperate,14,train,train,train,train,train,train,train,train,train,train,2.338392525815415,-0.07109647955514298,,1.3522649256974208
soil.hip.UTK.K016.03.2016.05.22.day17,spring,UTK.K016.03,308.0555556,advanced,ARF,temperate,17,train,train,train,train,train,train,train,train,train,train,3.091479464473471,0.36515554838380737,,0.9248026689751763
soil.hip.UTK.K016.03.2016.05.21.day16,spring,UTK.K016.03,289.1666667,advanced,ARF,temperate,16,train,train,train,train,train,train,train,train,train,train,1.1264796894956923,-2.8344674443803832,3.899950424193877,1.2648600919335564
soil.hip.UTK.K016.03.2016.05.09.day4,spring,UTK.K016.03,63.33333333,active,ARF,temperate,4,train,train,train,train,train,train,train,train,train,train,3.2258587895949535,-3.0828695634972103,1.1986957472250923,4.783558840371069
soil.hip.UTK.K016.03.2016.05.11.day6,spring,UTK.K016.03,109.7222222,active,ARF,temperate,6,train,train,train,train,train,train,train,train,train,train,1.8779707359555964,-7.97114399555839,,
soil.hip.UTK.K016.03.2016.05.15.day10,spring,UTK.K016.03,180.5555556,active,ARF,temperate,10,test,test,test,test,test,test,test,test,test,test,3.056302533140844,-1.7423971682493313,0.8544153281560676,1.5083561423363392
soil.hip.UTK.K016.03.2016.05.25.day20,spring,UTK.K016.03,366.9444445,advanced,ARF,temperate,20,test,test,test,test,test,test,test,test,test,test,2.6915194545019627,2.258568273700357,,1.3540172258023002
soil.hip.UTK.K016.03.2016.05.24.day19,spring,UTK.K016.03,345.2777778,advanced,ARF,temperate,19,test,test,test,test,test,test,test,test,test,test,1.7414927671379665,0.8063007297395348,,1.1520552096960754
soil.hip.UTK.K016.03.2016.05.18.day13,spring,UTK.K016.03,231.3888889,advanced,ARF,temperate,13,train,train,train,train,train,train,train,train,train,train,2.35950101656565,0.5678466115621159,,1.296692974815116
soil.hip.UTK.K016.03.2016.05.14.day9,spring,UTK.K016.03,168.6111111,active,ARF,temperate,9,train,train,train,train,train,train,train,train,train,train,2.268537515551543,-0.4454216257059702,,1.765057625137767
soil.hip.UTK.K016.04.2016.10.14.day19,fall,UTK.K016.04,340.2,advanced,ARF,temperate,19,test,test,test,test,test,test,test,test,test,test,2.8096303540050815,3.017740683584245,6.419017788832423,2.619964576763099
soil.hip.UTK.K016.04.2016.10.10.day15,fall,UTK.K016.04,269.7,advanced,ARF,temperate,15,train,train,train,train,train,train,train,train,train,train,3.6967536254691282,3.341961630458691,5.734095239621077,2.8421527457208944
soil.hip.UTK.K016.04.2016.10.15.day20,fall,UTK.K016.04,361.3,advanced,ARF,temperate,20,train,train,train,train,train,train,train,train,train,train,3.141497811324337,2.47183568756617,5.670481711022493,2.337255883098881
soil.hip.UTK.K016.04.2016.10.16.day21,fall,UTK.K016.04,383.0,advanced,ARF,temperate,21,train,train,train,train,train,train,train,train,train,train,2.5733688534326458,4.486701591831624,4.14382928262345,2.2448147671306016
soil.hip.UTK.K016.04.2016.10.02.day7,fall,UTK.K016.04,111.5,active,ARF,temperate,7,train,train,train,train,train,train,train,train,train,train,1.557505361540155,3.711387720499429,5.461222180486943,3.6027831674118183
soil.hip.UTK.K016.04.2016.10.08.day13,fall,UTK.K016.04,236.2,advanced,ARF,temperate,13,train,train,train,train,train,train,train,train,train,train,2.9265564667188286,4.570872293544657,6.083942313100317,2.5937294292080386
soil.hip.UTK.K016.04.2016.10.09.day14,fall,UTK.K016.04,253.1,advanced,ARF,temperate,14,train,train,train,train,train,train,train,train,train,train,3.1059105225473846,4.6939221788707215,6.057617577871491,2.779282141214221
soil.hip.UTK.K016.04.2016.09.26.day1,fall,UTK.K016.04,0.0,initial,ARF,temperate,1,test,test,test,test,test,test,test,test,test,test,0.6601650634958567,-5.859620760817272,-1.2031688072689022,
soil.hip.UTK.K016.04.2016.10.13.day18,fall,UTK.K016.04,320.1,advanced,ARF,temperate,18,train,train,train,train,train,train,train,train,train,train,2.548152169724757,6.05294216466498,1.023999187818042,3.2043304580346277
soil.hip.UTK.K016.04.2016.10.03.day8,fall,UTK.K016.04,130.7,active,ARF,temperate,8,train,train,train,train,train,train,train,train,train,train,1.2613112772821147,1.798552901590961,3.305821120379343,3.059316155211363
soil.hip.UTK.K016.04.2016.10.05.day10,fall,UTK.K016.04,173.7,active,ARF,temperate,10,test,test,test,test,test,test,test,test,test,test,2.1779261961939227,1.8706385536752226,4.151495090512091,2.3573872573752555
soil.hip.UTK.K016.04.2016.09.27.day2,fall,UTK.K016.04,21.3,early,ARF,temperate,2,test,test,test,test,test,test,test,test,test,test,4.4047805334269725,-3.093302638533272,0.3931089908015384,3.0645180126263805
soil.hip.UTK.K016.04.2016.10.04.day9,fall,UTK.K016.04,152.3,active,ARF,temperate,9,train,train,train,train,train,train,train,train,train,train,4.598801941390777,3.7499332700359513,4.194839172939733,2.874807031291759
soil.hip.UTK.K016.04.2016.10.07.day12,fall,UTK.K016.04,214.5,advanced,ARF,temperate,12,train,train,train,train,train,train,train,train,train,train,3.319840374895529,1.391398561129499,-0.18428177083062813,2.245457302591233
soil.hip.UTK.K016.04.2016.10.12.day17,fall,UTK.K016.04,302.8,advanced,ARF,temperate,17,test,test,test,test,test,test,test,test,test,test,2.4161527618001504,4.586703852020765,8.434463543817241,2.584312488523536
soil.hip.UTK.K016.05.2016.10.06.day11,fall,UTK.K016.05,194.1,active,ARF,temperate,11,test,test,test,test,test,test,test,test,test,test,2.5702399059204915,2.6670358121511146,6.952933370570889,2.517075345587516
soil.hip.UTK.K016.05.2016.10.10.day15,fall,UTK.K016.05,269.7,advanced,ARF,temperate,15,train,train,train,train,train,train,train,train,train,train,3.673506832870869,2.8833648808998245,3.7284354429748507,2.3062418141593275
soil.hip.UTK.K016.05.2016.10.16.day21,fall,UTK.K016.05,383.0,advanced,ARF,temperate,21,train,train,train,train,train,train,train,train,train,train,3.225441614261806,3.0534448649646766,3.1145824111884775,2.4872140333901545
soil.hip.UTK.K016.05.2016.10.02.day7,fall,UTK.K016.05,111.5,active,ARF,temperate,7,train,train,train,train,train,train,train,train,train,train,3.2299042364439927,0.622622009890005,-1.3238652609325552,3.505950427474997
soil.hip.UTK.K016.05.2016.09.27.day2,fall,UTK.K016.05,21.3,early,ARF,temperate,2,train,train,train,train,train,train,train,train,train,train,2.480761159240009,-6.43095803650131,-2.8963026812970236,
soil.hip.UTK.K016.05.2016.09.28.day3,fall,UTK.K016.05,41.7,early,ARF,temperate,3,train,train,train,train,train,train,train,train,train,train,2.837273934427012,-7.292950699634825,-2.8719370944279587,
soil.hip.UTK.K016.05.2016.10.12.day17,fall,UTK.K016.05,302.8,advanced,ARF,temperate,17,train,train,train,train,train,train,train,train,train,train,3.5774652962817015,2.9774084857398826,2.687487350348201,2.705406270769526
soil.hip.UTK.K016.05.2016.10.11.day16,fall,UTK.K016.05,286.1,advanced,ARF,temperate,16,train,train,train,train,train,train,train,train,train,train,2.7964354318869873,2.8188183852069226,2.2071033454406592,2.290313810889435
soil.hip.UTK.K016.05.2016.10.05.day10,fall,UTK.K016.05,173.7,active,ARF,temperate,10,train,train,train,train,train,train,train,train,train,train,3.209730661299716,3.1102043185677086,3.3995876376970333,3.03726444637865
soil.hip.UTK.K016.05.2016.09.26.day1,fall,UTK.K016.05,0.0,initial,ARF,temperate,1,test,test,test,test,test,test,test,test,test,test,2.599057283822674,-8.480481458767324,-4.195817430846806,
soil.hip.UTK.K016.05.2016.10.08.day13,fall,UTK.K016.05,236.2,advanced,ARF,temperate,13,train,train,train,train,train,train,train,train,train,train,2.3366194410415098,2.419857616325583,2.701343887987342,2.5582856067643984
soil.hip.UTK.K016.05.2016.10.14.day19,fall,UTK.K016.05,340.2,advanced,ARF,temperate,19,train,train,train,train,train,train,train,train,train,train,2.681632640818199,3.459903004781978,4.11572886284988,2.6809113646341167
soil.hip.UTK.K016.05.2016.09.30.day5,fall,UTK.K016.05,76.2,active,ARF,temperate,5,train,train,train,train,train,train,train,train,train,train,3.598670789476502,-1.1379124761960853,1.075221896336954,6.375537815024298
soil.hip.UTK.K016.05.2016.10.13.day18,fall,UTK.K016.05,320.1,advanced,ARF,temperate,18,train,train,train,train,train,train,train,train,train,train,3.9975372131593154,3.6395050121455803,4.078709339847647,2.9281987525121496
soil.hip.UTK.K016.05.2016.10.15.day20,fall,UTK.K016.05,361.3,advanced,ARF,temperate,20,test,test,test,test,test,test,test,test,test,test,4.306794280507621,4.093638129034916,2.9627639551934895,2.64883444076054
soil.hip.UTK.K016.05.2016.09.29.day4,fall,UTK.K016.05,60.4,active,ARF,temperate,4,train,train,train,train,train,train,train,train,train,train,2.288359165016047,-5.986210262288737,-2.155932799914133,3.9602089743367235
soil.hip.UTK.K016.05.2016.10.09.day14,fall,UTK.K016.05,253.1,advanced,ARF,temperate,14,train,train,train,train,train,train,train,train,train,train,3.7937199348436685,3.004811891944687,5.775950969878918,2.3384185155589075
soil.hip.UTK.K016.06.2016.10.22.day18,fall,UTK.K016.06,328.2,advanced,ARF,temperate,18,train,train,train,train,train,train,train,train,train,train,3.1118950958885847,4.240193191819955,4.176526617642347,2.6603295734244785
soil.hip.UTK.K016.06.2016.10.15.day11,fall,UTK.K016.06,187.6,active,ARF,temperate,11,train,train,train,train,train,train,train,train,train,train,2.1299656693596365,3.1804060774562224,2.211157253440163,2.846176980847564
soil.hip.UTK.K016.06.2016.10.08.day4,fall,UTK.K016.06,62.5,active,ARF,temperate,4,train,train,train,train,train,train,train,train,train,train,4.931601453234604,-1.6628313068041862,-0.7816949683696741,4.96410970403923
soil.hip.UTK.K016.06.2016.10.14.day10,fall,UTK.K016.06,166.5,active,ARF,temperate,10,train,train,train,train,train,train,train,train,train,train,4.153550859068584,3.135672411476028,2.6178774257194934,2.8011816248456087
soil.hip.UTK.K016.06.2016.10.21.day17,fall,UTK.K016.06,316.6,advanced,ARF,temperate,17,train,train,train,train,train,train,train,train,train,train,3.1728602898363185,3.313361003082731,1.8465699184006414,2.34294237637443
soil.hip.UTK.K016.06.2016.10.18.day14,fall,UTK.K016.06,252.1,advanced,ARF,temperate,14,test,test,test,test,test,test,test,test,test,test,3.602618248822086,3.218184150923454,1.8734666409858711,2.382263203092478
soil.hip.UTK.K016.06.2016.10.09.day5,fall,UTK.K016.06,79.4,active,ARF,temperate,5,test,test,test,test,test,test,test,test,test,test,2.1149204217753113,-1.3045964973101754,-1.6250508047583043,3.694348811208986
soil.hip.UTK.K016.06.2016.10.17.day13,fall,UTK.K016.06,229.7,advanced,ARF,temperate,13,test,test,test,test,test,test,test,test,test,test,3.7900473641846446,4.555902641208823,4.811876683348365,2.620607021423792
soil.hip.UTK.K016.06.2016.10.24.day20,fall,UTK.K016.06,357.1,advanced,ARF,temperate,20,train,train,train,train,train,train,train,train,train,train,3.26816250575674,4.784272129860442,3.546928557292155,3.4803234250106634
soil.hip.UTK.K016.06.2016.10.16.day12,fall,UTK.K016.06,209.3,advanced,ARF,temperate,12,train,train,train,train,train,train,train,train,train,train,1.5964600546268795,3.292556180078705,3.016921110164928,2.777121695838445
soil.hip.UTK.K016.06.2016.10.05.day1,fall,UTK.K016.06,0.0,initial,ARF,temperate,1,test,test,test,test,test,test,test,test,test,test,2.5836568682419916,-3.94055458017119,0.8131108763105264,3.092577526302403
soil.hip.UTK.K016.06.2016.10.11.day7,fall,UTK.K016.06,112.4,active,ARF,temperate,7,train,train,train,train,train,train,train,train,train,train,2.0887590807096004,3.9611650538331844,1.539572747463584,3.5590639780599496
soil.hip.UTK.K016.06.2016.10.19.day15,fall,UTK.K016.06,276.0,advanced,ARF,temperate,15,train,train,train,train,train,train,train,train,train,train,2.3532067540775277,3.800470880567884,0.786269173893082,2.3041220936026443
soil.hip.UTK.K016.06.2016.10.25.day21,fall,UTK.K016.06,373.2,advanced,ARF,temperate,21,train,train,train,train,train,train,train,train,train,train,3.69452642199799,3.349889042835896,1.7349727916943927,2.4994032747914927
soil.hip.UTK.K016.06.2016.10.07.day3,fall,UTK.K016.06,40.8,early,ARF,temperate,3,train,train,train,train,train,train,train,train,train,train,1.8204231504988062,-1.1404537605175271,1.36708938128384,4.791028114677914
soil.hip.UTK.K016.06.2016.10.06.day2,fall,UTK.K016.06,20.4,early,ARF,temperate,2,train,train,train,train,train,train,train,train,train,train,2.1820928257456256,-2.3750869538610715,1.5284634855971877,6.260142173799089
soil.hip.UTK.K016.06.2016.10.13.day9,fall,UTK.K016.06,146.4,active,ARF,temperate,9,train,train,train,train,train,train,train,train,train,train,4.168320919768455,3.8066213692801814,3.087641945656241,3.095201332819574
soil.hip.UTK.K016.06.2016.10.20.day16,fall,UTK.K016.06,299.7,advanced,ARF,temperate,16,train,train,train,train,train,train,train,train,train,train,3.1384003253787025,4.069850842139191,2.1460856008860123,2.3011621202018766
soil.hip.UTK.K016.10.2017.06.02.day9,summer,UTK.K016.10,170.3,active,ARF,temperate,9,train,train,train,train,train,train,train,train,train,train,0.5727466817622417,-1.6148887905990108,-0.1542537392879737,4.342618026574515
soil.hip.UTK.K016.10.2017.06.08.day15,summer,UTK.K016.10,298.6,advanced,ARF,temperate,15,train,train,train,train,train,train,train,train,train,train,4.011567203451412,-0.532210493069531,5.395220342834854,1.697402687453339
soil.hip.UTK.K016.10.2017.06.14.day21,summer,UTK.K016.10,441.3,advanced,ARF,temperate,21,train,train,train,train,train,train,train,train,train,train,3.3939483223951763,-0.4160090058363597,6.709132208404875,1.6029195573406998
soil.hip.UTK.K016.10.2017.05.25.day1,summer,UTK.K016.10,0.0,initial,ARF,temperate,1,train,train,train,train,train,train,train,train,train,train,0.004696370440624875,-6.954691009570705,-4.030286647551239,
soil.hip.UTK.K016.10.2017.06.03.day10,summer,UTK.K016.10,193.3,active,ARF,temperate,10,train,train,train,train,train,train,train,train,train,train,0.8962453507068879,-1.9107352423420974,2.456443701759129,5.793384607376446
soil.hip.UTK.K016.10.2017.05.27.day3,summer,UTK.K016.10,41.5,early,ARF,temperate,3,train,train,train,train,train,train,train,train,train,train,-0.4364460630219913,-8.276557809716978,-3.8528738382978034,
soil.hip.UTK.K016.10.2017.06.01.day8,summer,UTK.K016.10,148.5,active,ARF,temperate,8,train,train,train,train,train,train,train,train,train,train,3.4320673236433343,0.26739009834597915,0.0993355761672694,6.812765735589322
soil.hip.UTK.K016.10.2017.06.06.day13,summer,UTK.K016.10,258.6,advanced,ARF,temperate,13,test,test,test,test,test,test,test,test,test,test,3.9616563933090383,0.41854948345459597,4.603110717071152,2.9941009649920964
soil.hip.UTK.K016.10.2017.05.30.day6,summer,UTK.K016.10,105.8,active,ARF,temperate,6,train,train,train,train,train,train,train,train,train,train,,-5.605649419151933,-2.309845381366193,
soil.hip.UTK.K016.10.2017.05.28.day4,summer,UTK.K016.10,62.3,active,ARF,temperate,4,test,test,test,test,test,test,test,test,test,test,1.6315804551988453,-7.819439336679186,-3.4384311279310307,
soil.hip.UTK.K016.10.2017.06.10.day17,summer,UTK.K016.10,341.7,advanced,ARF,temperate,17,train,train,train,train,train,train,train,train,train,train,-0.3101981910934981,-0.3570661648692557,6.243159902169607,1.523789165400454
soil.hip.UTK.K016.10.2017.06.07.day14,summer,UTK.K016.10,278.9,advanced,ARF,temperate,14,train,train,train,train,train,train,train,train,train,train,1.8142105435957738,0.4799745104809521,5.478579239424071,2.3726651976167785
soil.hip.UTK.K016.10.2017.06.05.day12,summer,UTK.K016.10,236.6,advanced,ARF,temperate,12,train,train,train,train,train,train,train,train,train,train,2.3288964161649854,-0.45276288479338866,3.142345730392698,3.2797450927010727
soil.hip.UTK.K016.10.2017.06.09.day16,summer,UTK.K016.10,319.6,advanced,ARF,temperate,16,train,train,train,train,train,train,train,train,train,train,,-0.3103602478342573,7.771411997968641,1.0717132788164179
soil.hip.UTK.K016.10.2017.05.31.day7,summer,UTK.K016.10,126.4,active,ARF,temperate,7,train,train,train,train,train,train,train,train,train,train,,-3.792486827228519,-1.9664990377193874,3.4566214140886378
soil.hip.UTK.K016.10.2017.05.29.day5,summer,UTK.K016.10,84.2,active,ARF,temperate,5,test,test,test,test,test,test,test,test,test,test,-0.629615193515912,-6.729980667468693,-3.52846991216944,
soil.hip.UTK.K016.10.2017.06.12.day19,summer,UTK.K016.10,392.2,advanced,ARF,temperate,19,train,train,train,train,train,train,train,train,train,train,,-0.6527443020270223,6.02755009383904,1.2527546075778773
soil.hip.UTK.K016.11.2017.06.03.day10,summer,UTK.K016.11,193.3,active,ARF,temperate,10,test,test,test,test,test,test,test,test,test,test,1.6620446828895208,-0.9315665906509558,2.050785667314864,4.001306201593904
soil.hip.UTK.K016.11.2017.05.25.day1,summer,UTK.K016.11,0.0,initial,ARF,temperate,1,test,test,test,test,test,test,test,test,test,test,1.8429723314009543,-9.723310140711831,-3.2115994158974246,
soil.hip.UTK.K016.11.2017.06.12.day19,summer,UTK.K016.11,392.2,advanced,ARF,temperate,19,train,train,train,train,train,train,train,train,train,train,,0.015758996395961233,6.071001039812269,1.5057440480332307
soil.hip.UTK.K016.11.2017.06.11.day18,summer,UTK.K016.11,366.3,advanced,ARF,temperate,18,train,train,train,train,train,train,train,train,train,train,2.712108837697688,-0.5918029910979659,5.983739341952518,2.4742486072230037
soil.hip.UTK.K016.11.2017.06.09.day16,summer,UTK.K016.11,319.6,advanced,ARF,temperate,16,test,test,test,test,test,test,test,test,test,test,1.8224975015418874,1.4038203414846198,5.2494510312533595,2.1428716815474624
soil.hip.UTK.K016.11.2017.05.27.day3,summer,UTK.K016.11,41.5,early,ARF,temperate,3,train,train,train,train,train,train,train,train,train,train,0.41899298551657616,-8.640145230125935,-3.879096211289758,
soil.hip.UTK.K016.11.2017.05.28.day4,summer,UTK.K016.11,62.3,active,ARF,temperate,4,train,train,train,train,train,train,train,train,train,train,,-5.4581353933842784,-3.8040406079349376,
soil.hip.UTK.K016.11.2017.06.08.day15,summer,UTK.K016.11,298.6,advanced,ARF,temperate,15,train,train,train,train,train,train,train,train,train,train,2.1902481316638465,-0.07847826726810858,4.6839160881558275,2.316512940575941
soil.hip.UTK.K016.11.2017.05.26.day2,summer,UTK.K016.11,18.3,early,ARF,temperate,2,test,test,test,test,test,test,test,test,test,test,0.24040618738693453,-9.781022823927369,-3.4369511553605463,
soil.hip.UTK.K016.11.2017.05.30.day6,summer,UTK.K016.11,105.8,active,ARF,temperate,6,train,train,train,train,train,train,train,train,train,train,1.6113242493116609,-3.0073135575931342,-3.289714610654194,5.252588002783056
soil.hip.UTK.K016.11.2017.06.07.day14,summer,UTK.K016.11,278.9,advanced,ARF,temperate,14,train,train,train,train,train,train,train,train,train,train,1.5042221928706496,-0.4339485903780549,2.4309036938048525,2.83791121471117
soil.hip.UTK.K016.11.2017.06.04.day11,summer,UTK.K016.11,215.2,advanced,ARF,temperate,11,train,train,train,train,train,train,train,train,train,train,1.1389827272859119,0.11980505465436231,3.9381816560982976,3.1590542590816213
soil.hip.UTK.K016.11.2017.06.10.day17,summer,UTK.K016.11,341.7,advanced,ARF,temperate,17,train,train,train,train,train,train,train,train,train,train,3.101598233570048,1.3306944444330284,6.19309257638764,2.0305989945051603
soil.hip.UTK.K016.11.2017.05.29.day5,summer,UTK.K016.11,84.2,active,ARF,temperate,5,train,train,train,train,train,train,train,train,train,train,1.4906444905401681,-3.084848158976076,-3.762848498159004,5.344691779136906
soil.hip.UTK.K016.11.2017.06.06.day13,summer,UTK.K016.11,258.6,advanced,ARF,temperate,13,test,test,test,test,test,test,test,test,test,test,1.8173607650195223,-0.7721379349310027,3.5857653659779665,2.887970741658169
soil.hip.UTK.K016.12.2017.06.12.day19,summer,UTK.K016.12,392.2,advanced,ARF,temperate,19,train,train,train,train,train,train,train,train,train,train,,-1.3006446544595516,5.556422140409483,2.192782190249704
soil.hip.UTK.K016.12.2017.05.26.day2,summer,UTK.K016.12,18.3,early,ARF,temperate,2,test,test,test,test,test,test,test,test,test,test,-1.016239557399805,,-4.07481337143793,
soil.hip.UTK.K016.12.2017.06.04.day11,summer,UTK.K016.12,215.2,advanced,ARF,temperate,11,train,train,train,train,train,train,train,train,train,train,4.148580525908729,-0.5839695225056225,2.7091915986226542,3.928453930666202
soil.hip.UTK.K016.12.2017.05.30.day6,summer,UTK.K016.12,105.8,active,ARF,temperate,6,train,train,train,train,train,train,train,train,train,train,1.5340286208297496,-8.515258005845352,-2.487857998757602,
soil.hip.UTK.K016.12.2017.05.27.day3,summer,UTK.K016.12,41.5,early,ARF,temperate,3,train,train,train,train,train,train,train,train,train,train,1.5650901217822053,-8.049842962156701,-4.220944868386098,
soil.hip.UTK.K016.12.2017.06.11.day18,summer,UTK.K016.12,366.3,advanced,ARF,temperate,18,test,test,test,test,test,test,test,test,test,test,1.5981124647975946,-0.09366867352248498,5.3632799920765635,1.655567873800492
soil.hip.UTK.K016.12.2017.06.09.day16,summer,UTK.K016.12,319.6,advanced,ARF,temperate,16,test,test,test,test,test,test,test,test,test,test,1.5069387405581427,-1.141265793233618,3.277326097370983,3.59735557154778
soil.hip.UTK.K016.12.2017.05.25.day1,summer,UTK.K016.12,0.0,initial,ARF,temperate,1,train,train,train,train,train,train,train,train,train,train,2.901911903681425,-9.833379567922243,-4.068576810473189,
soil.hip.UTK.K016.12.2017.06.01.day8,summer,UTK.K016.12,148.5,active,ARF,temperate,8,train,train,train,train,train,train,train,train,train,train,1.8493767446068983,-1.7649086483791923,-2.953162647972748,
soil.hip.UTK.K016.12.2017.05.29.day5,summer,UTK.K016.12,84.2,active,ARF,temperate,5,train,train,train,train,train,train,train,train,train,train,2.4896946874945023,-8.681259141888802,-3.8839315752672707,
soil.hip.UTK.K016.12.2017.06.14.day21,summer,UTK.K016.12,441.3,advanced,ARF,temperate,21,test,test,test,test,test,test,test,test,test,test,,-2.727852644522727,6.06150871763824,2.4724134169043825
soil.hip.UTK.K016.12.2017.06.10.day17,summer,UTK.K016.12,341.7,advanced,ARF,temperate,17,train,train,train,train,train,train,train,train,train,train,0.5826847673749338,-1.4366466589424665,4.58871526410634,2.8350277396962857
soil.hip.UTK.K016.12.2017.06.06.day13,summer,UTK.K016.12,258.6,advanced,ARF,temperate,13,train,train,train,train,train,train,train,train,train,train,0.6063936628656279,0.8014797499263064,3.21820076713602,3.983595726929094
soil.hip.UTK.K016.12.2017.06.05.day12,summer,UTK.K016.12,236.6,advanced,ARF,temperate,12,test,test,test,test,test,test,test,test,test,test,1.5868393941097132,0.8055699578091708,2.9944190007469764,2.8347495008959305
soil.hip.UTK.K016.12.2017.06.08.day15,summer,UTK.K016.12,298.6,advanced,ARF,temperate,15,train,train,train,train,train,train,train,train,train,train,4.420671798894848,-2.34184712942762,0.9619839595330539,5.271577774508886
soil.hip.UTK.K016.12.2017.06.07.day14,summer,UTK.K016.12,278.9,advanced,ARF,temperate,14,train,train,train,train,train,train,train,train,train,train,1.8799421526425153,-2.2125375736354673,0.35337941397250816,5.209302587532281
soil.hip.UTK.K016.12.2017.06.03.day10,summer,UTK.K016.12,193.3,active,ARF,temperate,10,test,test,test,test,test,test,test,test,test,test,3.207491672354081,0.949114482769911,2.1954757245748144,3.779930483393512
soil.hip.CMU.17.10.2017.08.12.day4,summer,17-10,72.0,active,FIRS,semi-arid,4,train,train,train,train,train,train,train,train,train,train,2.742361245932541,-2.81250457473198,1.5950037421204044,
soil.hip.CMU.17.10.2017.08.22.day14,summer,17-10,322.8,advanced,FIRS,semi-arid,14,test,test,test,test,test,test,test,test,test,test,3.379035984155804,1.8012474532436542,-2.1197625162561744,3.7438862649076814
soil.hip.CMU.17.10.2017.08.19.day11,summer,17-10,244.45,advanced,FIRS,semi-arid,11,test,test,test,test,test,test,test,test,test,test,1.7109413471732768,0.8591637869025046,-3.759416208120874,4.0173881723109055
soil.hip.CMU.17.10.2017.08.17.day9,summer,17-10,193.95,active,FIRS,semi-arid,9,train,train,train,train,train,train,train,train,train,train,1.831771009094501,-2.3014218468253773,-3.58965755796664,3.5463202693451237
soil.hip.CMU.17.10.2017.08.10.day2,summer,17-10,25.55,early,FIRS,semi-arid,2,train,train,train,train,train,train,train,train,train,train,3.118821329168256,-6.253379420369564,-3.082791322938929,
soil.hip.CMU.17.10.2017.08.25.day17,summer,17-10,398.55,advanced,FIRS,semi-arid,17,train,train,train,train,train,train,train,train,train,train,2.1130897345341495,0.5902378065401042,-2.4796425132515267,2.7842007298651668
soil.hip.CMU.17.10.2017.08.18.day10,summer,17-10,219.2,advanced,FIRS,semi-arid,10,train,train,train,train,train,train,train,train,train,train,2.0066801413431588,1.1095511768270434,-2.3388892833751207,4.35770675969084
soil.hip.CMU.17.10.2017.08.16.day8,summer,17-10,169.5,active,FIRS,semi-arid,8,train,train,train,train,train,train,train,train,train,train,1.8433758825392985,-2.4492937867858444,-1.5777729977901327,
soil.hip.CMU.17.10.2017.08.09.day1,summer,17-10,0.0,initial,FIRS,semi-arid,1,train,train,train,train,train,train,train,train,train,train,1.7446169613515163,,-2.5844398218584317,
soil.hip.CMU.17.10.2017.08.20.day12,summer,17-10,270.85,advanced,FIRS,semi-arid,12,train,train,train,train,train,train,train,train,train,train,2.7526025841017194,0.8673581465862661,-3.163805516695102,4.488584870092802
soil.hip.CMU.17.10.2017.08.14.day6,summer,17-10,122.55,active,FIRS,semi-arid,6,train,train,train,train,train,train,train,train,train,train,1.4777154707060163,-0.31853982362454936,0.30127604943227837,3.3335156852158043
soil.hip.CMU.17.10.2017.08.23.day15,summer,17-10,348.05,advanced,FIRS,semi-arid,15,test,test,test,test,test,test,test,test,test,test,2.141220514974828,-0.7360844770180037,-2.365014364420131,2.9810971750156043
soil.hip.CMU.17.10.2017.08.26.day18,summer,17-10,424.7,advanced,FIRS,semi-arid,18,train,train,train,train,train,train,train,train,train,train,2.200450676179681,-1.9204693919107658,2.533968542786372,3.5497927499105475
soil.hip.CMU.17.10.2017.08.24.day16,summer,17-10,373.85,advanced,FIRS,semi-arid,16,train,train,train,train,train,train,train,train,train,train,2.784571415548207,-0.6253334833353037,-3.2669269718967504,4.1860367461516494
soil.hip.CMU.17.10.2017.08.27.day19,summer,17-10,451.65,advanced,FIRS,semi-arid,19,train,train,train,train,train,train,train,train,train,train,2.1276028797536775,0.4870795167008062,-1.4926403576421094,3.7566412134582645
soil.hip.CMU.17.10.2017.08.28.day20,summer,17-10,477.8,advanced,FIRS,semi-arid,20,train,train,train,train,train,train,train,train,train,train,2.9322833427538946,3.7214854525760064,-0.013850636933899096,2.9152635450838025
soil.hip.CMU.17.10.2017.08.11.day3,summer,17-10,49.75,early,FIRS,semi-arid,3,test,test,test,test,test,test,test,test,test,test,0.9414937779843147,-3.903455235320205,-0.3367762341915732,2.9579555367007226
soil.hip.CMU.16.05.2016.mo.day15,spring,CMU_Mrs._16_05,150.0,active,FIRS,semi-arid,15,train,train,train,train,train,train,train,train,train,train,2.7180255206822572,-0.907384032326366,,4.564099361928278
soil.hip.CMU.16.05.2016.mo.day12,spring,CMU_Mrs._16_05,110.2777778,active,FIRS,semi-arid,12,train,train,train,train,train,train,train,train,train,train,1.3213707568900386,-4.5352165611249315,,3.0602988201075796
soil.hip.CMU.16.05.2016.mo.day10,spring,CMU_Mrs._16_05,79.72222223,active,FIRS,semi-arid,10,train,train,train,train,train,train,train,train,train,train,2.5344927149260386,-5.706730186487338,,3.6572528203172157
soil.hip.CMU.16.05.2016.mo.day19,spring,CMU_Mrs._16_05,200.8333333,advanced,FIRS,semi-arid,19,train,train,train,train,train,train,train,train,train,train,2.096530095437327,-2.311089983499727,-0.1910552367627094,3.6384384294853938
soil.hip.CMU.16.05.2016.mo.day9,spring,CMU_Mrs._16_05,69.44444445,active,FIRS,semi-arid,9,train,train,train,train,train,train,train,train,train,train,2.949824534506744,-5.06270638089799,,3.22072681725753
soil.hip.CMU.16.05.2016.mo.day14,spring,CMU_Mrs._16_05,136.6666667,active,FIRS,semi-arid,14,test,test,test,test,test,test,test,test,test,test,2.1150163769291996,-4.18461034784606,0.8157495026522779,4.670837879253395
soil.hip.CMU.16.05.2016.mo.day4,spring,CMU_Mrs._16_05,15.83333333,early,FIRS,semi-arid,4,train,train,train,train,train,train,train,train,train,train,1.656448453662346,-6.739194416836906,,3.586301905048714
soil.hip.CMU.16.05.2016.mo.day3,spring,CMU_Mrs._16_05,11.38888889,early,FIRS,semi-arid,3,train,train,train,train,train,train,train,train,train,train,1.292649019333771,-7.912223217763202,,3.7134898220539396
soil.hip.CMU.16.05.2016.mo.day13,spring,CMU_Mrs._16_05,123.3333333,active,FIRS,semi-arid,13,train,train,train,train,train,train,train,train,train,train,1.3597969300939123,-6.2262486486093165,,5.22123701152228
soil.hip.CMU.16.05.2016.mo.day1,spring,CMU_Mrs._16_05,0.0,initial,FIRS,semi-arid,1,train,train,train,train,train,train,train,train,train,train,1.6442691527946707,-7.249936074087522,,2.9348510390659714
soil.hip.CMU.16.05.2016.mo.day21,spring,CMU_Mrs._16_05,214.1666667,advanced,FIRS,semi-arid,21,test,test,test,test,test,test,test,test,test,test,2.8866139309742014,1.7394583106907753,-0.06453852113757108,3.9021981986815995
soil.hip.CMU.16.05.2016.mo.day16,spring,CMU_Mrs._16_05,164.7222222,active,FIRS,semi-arid,16,train,train,train,train,train,train,train,train,train,train,1.678685323948919,-2.736421288808275,,4.006648017809779
soil.hip.CMU.16.05.2016.mo.day20,spring,CMU_Mrs._16_05,207.5,advanced,FIRS,semi-arid,20,train,train,train,train,train,train,train,train,train,train,1.5550979773118598,0.06272421629461888,,4.203047985548176
soil.hip.CMU.16.05.2016.mo.day2,spring,CMU_Mrs._16_05,7.5,early,FIRS,semi-arid,2,train,train,train,train,train,train,train,train,train,train,2.313393096241935,-7.08776051917048,0.0,3.8903768613944876
soil.hip.CMU.17.04.2017.03.day11,winter,Mr 17-04,144.95,active,FIRS,semi-arid,11,train,train,train,train,train,train,train,train,train,train,3.6146572120887406,-4.29749536111659,-1.274625946409258,7.436188849220959
soil.hip.CMU.17.04.2017.03.day15,winter,Mr 17-04,202.45,advanced,FIRS,semi-arid,15,train,train,train,train,train,train,train,train,train,train,0.5772442346402951,-4.022439482591338,-1.5826864013372113,5.0869840573638445
soil.hip.CMU.17.04.2017.03.day7,winter,Mr 17-04,76.65,active,FIRS,semi-arid,7,train,train,train,train,train,train,train,train,train,train,1.7318951458112473,-5.564851775775977,0.2966495768240165,5.71703351982789
soil.hip.CMU.17.04.2017.03.day20,winter,Mr 17-04,254.4,advanced,FIRS,semi-arid,20,train,train,train,train,train,train,train,train,train,train,-1.341991261893357,-3.9509431753563558,0.018554842335058552,4.332725312420694
soil.hip.CMU.17.04.2017.03.day4,winter,Mr 17-04,34.15,early,FIRS,semi-arid,4,train,train,train,train,train,train,train,train,train,train,1.3831540860650993,-5.998938478217393,2.3213325586939977,3.2825757005847667
soil.hip.CMU.17.04.2017.03.day3,winter,Mr 17-04,24.15,early,FIRS,semi-arid,3,test,test,test,test,test,test,test,test,test,test,1.0826372179566235,,1.6160988473861302,3.082317496381041
soil.hip.CMU.17.04.2017.03.day16,winter,Mr 17-04,213.25,advanced,FIRS,semi-arid,16,train,train,train,train,train,train,train,train,train,train,0.7167848148519091,-2.270572591321258,-0.3067302674224761,3.0392887862453737
soil.hip.CMU.17.04.2017.03.day12,winter,Mr 17-04,162.45,active,FIRS,semi-arid,12,test,test,test,test,test,test,test,test,test,test,0.6928785080421349,-3.1106905195454218,-1.0972253258937599,3.84331308522883
soil.hip.CMU.17.04.2017.03.day14,winter,Mr 17-04,191.65,active,FIRS,semi-arid,14,train,train,train,train,train,train,train,train,train,train,1.6802702724448988,-3.5726253179885212,0.8278241215818731,5.425305419544353
soil.hip.CMU.17.04.2017.03.day8,winter,Mr 17-04,92.2,active,FIRS,semi-arid,8,train,train,train,train,train,train,train,train,train,train,1.214616862250585,-7.970995449351925,0.5770696225225898,1.993866501007977
soil.hip.CMU.17.04.2017.03.day5,winter,Mr 17-04,46.95,early,FIRS,semi-arid,5,train,train,train,train,train,train,train,train,train,train,0.616627044293157,-6.163239873697537,4.62375552768052,
soil.hip.CMU.17.04.2017.03.day1,winter,Mr 17-04,0.0,initial,FIRS,semi-arid,1,train,train,train,train,train,train,train,train,train,train,1.1107361938681048,-5.631857622832351,1.7143875606422556,2.6569919787445713
soil.hip.CMU.17.04.2017.03.day21,winter,Mr 17-04,267.15,advanced,FIRS,semi-arid,21,train,train,train,train,train,train,train,train,train,train,,-2.064723181485384,0.80807854198172,2.953652267437009
soil.hip.CMU.17.04.2017.03.day18,winter,Mr 17-04,235.2,advanced,FIRS,semi-arid,18,train,train,train,train,train,train,train,train,train,train,0.6510320965475795,1.2866327671976983,0.6597489001580978,3.33948646251587
soil.hip.CMU.17.04.2017.03.day19,winter,Mr 17-04,243.55,advanced,FIRS,semi-arid,19,train,train,train,train,train,train,train,train,train,train,0.4892294187160733,-3.179244776092136,0.4827891915427074,3.839783342819038
soil.hip.CMU.17.04.2017.03.day17,winter,Mr 17-04,224.05,advanced,FIRS,semi-arid,17,train,train,train,train,train,train,train,train,train,train,1.1694740902314873,-3.6466838187808914,1.1969155025545248,3.9301814927321517
soil.hip.CMU.16.09.2016.08.07.day13,summer,Mrs. 16-09,317.75,advanced,FIRS,semi-arid,13,test,test,test,test,test,test,test,test,test,test,1.8131766841713368,-3.7804790496522784,-3.7066433218068413,5.1490484202162135
soil.hip.CMU.16.09.2016.07.27.day2,summer,Mrs. 16-09,28.3,early,FIRS,semi-arid,2,test,test,test,test,test,test,test,test,test,test,1.5249704783899247,-6.608543165954761,1.9354933881970577,5.122533568267125
soil.hip.CMU.16.09.2016.08.08.day14,summer,Mrs. 16-09,343.3,advanced,FIRS,semi-arid,14,train,train,train,train,train,train,train,train,train,train,1.528381011094325,-2.7073241525507807,-1.8310686921791959,3.7872701930178554
soil.hip.CMU.16.09.2016.08.11.day17,summer,Mrs. 16-09,422.75,advanced,FIRS,semi-arid,17,test,test,test,test,test,test,test,test,test,test,1.956561930304252,-2.8008482551826237,-0.35047642080410135,3.8257273703624657
soil.hip.CMU.16.09.2016.08.10.day16,summer,Mrs. 16-09,397.75,advanced,FIRS,semi-arid,16,test,test,test,test,test,test,test,test,test,test,1.6127202396833198,-2.7369455754653718,3.469933810013966,4.810160007456687
soil.hip.CMU.16.09.2016.08.15.day21,summer,Mrs. 16-09,521.95,advanced,FIRS,semi-arid,21,train,train,train,train,train,train,train,train,train,train,1.479849837072857,-3.5370527286973648,-2.4492063783695643,4.3936311332254485
soil.hip.CMU.16.09.2016.07.28.day3,summer,Mrs. 16-09,57.45,active,FIRS,semi-arid,3,test,test,test,test,test,test,test,test,test,test,2.121215707746849,-5.70337537028545,1.0055676003471188,3.9184218647874616
soil.hip.CMU.16.09.2016.08.05.day11,summer,Mrs. 16-09,269.7,advanced,FIRS,semi-arid,11,train,train,train,train,train,train,train,train,train,train,3.0610699016010123,-2.293122655110576,-1.5419626358509513,6.062561052188967
soil.hip.CMU.16.09.2016.07.29.day4,summer,Mrs. 16-09,86.6,active,FIRS,semi-arid,4,train,train,train,train,train,train,train,train,train,train,1.599768375298165,-6.8211732310669,3.240258480933602,3.74209796268164
soil.hip.CMU.16.09.2016.08.02.day8,summer,Mrs. 16-09,196.65,active,FIRS,semi-arid,8,test,test,test,test,test,test,test,test,test,test,3.6754642426672834,-3.1537911358590325,-1.610019561425343,4.638049775350013
soil.hip.CMU.16.09.2016.07.26.day1,summer,Mrs. 16-09,0.0,initial,FIRS,semi-arid,1,test,test,test,test,test,test,test,test,test,test,2.202104288082177,,-0.22892524043425055,4.639962680632654
soil.hip.SHSU.2016.064.2016.08.30.day6,summer,2016.064,137.5,active,STAFS,temperate,6,test,test,test,test,test,test,test,test,test,test,2.369062097136279,11.28876623504685,4.686212865443868,3.2351160446400344
soil.hip.SHSU.2016.064.2016.09.09.day16,summer,2016.064,422.2222222,advanced,STAFS,temperate,16,test,test,test,test,test,test,test,test,test,test,1.7723515885890926,5.515982250571417,7.82378660221278,3.3497356868327044
soil.hip.SHSU.2016.064.2016.09.06.day13,summer,2016.064,335.5555556,advanced,STAFS,temperate,13,train,train,train,train,train,train,train,train,train,train,1.7411744188633804,4.775650897182141,4.231533687123681,3.3874445309493355
soil.hip.SHSU.2016.064.2016.09.08.day15,summer,2016.064,393.6111111,advanced,STAFS,temperate,15,train,train,train,train,train,train,train,train,train,train,1.8128833031703557,9.879207410810393,8.615037590527603,3.2679783931388924
soil.hip.SHSU.2016.064.2016.09.01.day8,summer,2016.064,195.5555556,active,STAFS,temperate,8,train,train,train,train,train,train,train,train,train,train,2.7575628415632067,10.178533155495861,8.682002932500376,2.3952493951813905
soil.hip.SHSU.2016.064.2016.08.28.day4,summer,2016.064,82.22222222,active,STAFS,temperate,4,train,train,train,train,train,train,train,train,train,train,1.6341870030449979,5.7114936412705815,6.450075399425233,3.2318293934125766
soil.hip.SHSU.2016.064.2016.09.11.day18,summer,2016.064,476.1111111,advanced,STAFS,temperate,18,test,test,test,test,test,test,test,test,test,test,2.141929536817079,2.4252722954798553,5.816720051164789,2.9459154165400783
soil.hip.SHSU.2016.064.2016.09.12.day19,summer,2016.064,503.3333333,advanced,STAFS,temperate,19,train,train,train,train,train,train,train,train,train,train,1.5612858470291506,2.792928833825532,4.673160582778561,3.3922756477129097
soil.hip.SHSU.2016.064.2016.09.10.day17,summer,2016.064,449.4444444,advanced,STAFS,temperate,17,test,test,test,test,test,test,test,test,test,test,1.8440280900718928,4.519253767234117,2.9317970994768725,3.8911239383781764
soil.hip.SHSU.2016.064.2016.09.02.day9,summer,2016.064,223.0555556,advanced,STAFS,temperate,9,train,train,train,train,train,train,train,train,train,train,1.2388288030106427,7.652389703644283,8.348476445836866,3.1471012762208135
soil.hip.SHSU.2016.064.2016.08.25.day1,summer,2016.064,0.0,initial,STAFS,temperate,1,test,test,test,test,test,test,test,test,test,test,2.020207366301223,-3.9175339275888015,-1.1308302370358803,2.4142293683951843
soil.hip.SHSU.2016.064.2016.08.31.day7,summer,2016.064,166.3888889,active,STAFS,temperate,7,test,test,test,test,test,test,test,test,test,test,1.7996824025703049,6.415623337814166,3.8630743434251036,2.920297911099638
soil.hip.SHSU.2016.064.2016.09.05.day12,summer,2016.064,306.9444444,advanced,STAFS,temperate,12,train,train,train,train,train,train,train,train,train,train,1.705854681257799,7.734863516389801,7.242199033669281,2.1462659134904163
soil.hip.SHSU.2016.064.2016.09.03.day10,summer,2016.064,250.2777778,advanced,STAFS,temperate,10,train,train,train,train,train,train,train,train,train,train,0.7300931205625343,6.759599195593795,8.482433725200575,3.376164075978817
soil.hip.SHSU.2016.064.2016.09.04.day11,summer,2016.064,278.0555556,advanced,STAFS,temperate,11,train,train,train,train,train,train,train,train,train,train,1.4323942167761015,5.630258985384337,7.804238174913454,3.2636928626323094
soil.hip.SHSU.2016.064.2016.08.27.day3,summer,2016.064,55.27777778,active,STAFS,temperate,3,test,test,test,test,test,test,test,test,test,test,2.001549977819815,0.1407489812068734,2.048669883013082,5.732563506693339
soil.hip.SHSU.2016.064.2016.08.26.day2,summer,2016.064,27.5,early,STAFS,temperate,2,train,train,train,train,train,train,train,train,train,train,1.8899305736840617,-3.759055244110475,5.364833098382296,2.53533722055749
soil.hip.SHSU.2016.064.2016.09.07.day14,summer,2016.064,364.1666667,advanced,STAFS,temperate,14,train,train,train,train,train,train,train,train,train,train,2.119932540301349,5.583949217177084,8.525668882762137,2.177897642072277
soil.hip.SHSU.2016.067.2016.10.05.day20,summer,2016.067,486.1,advanced,STAFS,temperate,20,test,test,test,test,test,test,test,test,test,test,2.0949480509695437,10.104329101626806,8.88785221139723,2.159538111415343
soil.hip.SHSU.2016.067.2016.09.21.day6,summer,2016.067,146.15,active,STAFS,temperate,6,train,train,train,train,train,train,train,train,train,train,1.956906244159132,6.735726788561379,5.502619269355973,3.345790511988202
soil.hip.SHSU.2016.067.2016.09.25.day10,summer,2016.067,256.45,advanced,STAFS,temperate,10,train,train,train,train,train,train,train,train,train,train,2.4578973663533024,6.797124793077609,3.034855352971247,2.3728112273575253
soil.hip.SHSU.2016.067.2016.09.29.day14,summer,2016.067,348.1,advanced,STAFS,temperate,14,train,train,train,train,train,train,train,train,train,train,1.335496306736733,7.668498850461932,7.2124010326382,1.8648595261817498
soil.hip.SHSU.2016.067.2016.09.22.day7,summer,2016.067,173.4,active,STAFS,temperate,7,test,test,test,test,test,test,test,test,test,test,2.1290607790861813,5.016226134678504,7.3549158461831325,2.933323302337592
soil.hip.SHSU.2016.067.2016.09.16.day1,summer,2016.067,0.0,initial,STAFS,temperate,1,train,train,train,train,train,train,train,train,train,train,1.117879591429631,,8.042973278719042,4.116820704569441
soil.hip.SHSU2016.067.2016.10.03.day18,summer,2016.067,432.5,advanced,STAFS,temperate,18,train,train,train,train,train,train,train,train,train,train,1.7067074880613067,9.878986152871036,7.218588563648155,2.2044764723886185
soil.hip.SHSU.2016.067.2016.09.23.day8,summer,2016.067,201.45,advanced,STAFS,temperate,8,train,train,train,train,train,train,train,train,train,train,1.8845082187848572,6.336074083779008,6.633837689025492,2.858212564131658
soil.hip.SHSU.2016.067.2016.09.18.day3,summer,2016.067,58.9,active,STAFS,temperate,3,train,train,train,train,train,train,train,train,train,train,1.3243776333773187,-0.5504238039091653,2.8743714165497236,2.5671554786967103
soil.hip.SHSU.2016.067.2016.09.17.day2,summer,2016.067,29.2,early,STAFS,temperate,2,train,train,train,train,train,train,train,train,train,train,2.0429091847007683,2.4324633471587402,6.1640163123061305,4.366907588136348
soil.hip.SHSU.2016.067.2016.09.26.day11,summer,2016.067,280.6,advanced,STAFS,temperate,11,train,train,train,train,train,train,train,train,train,train,2.634672759320557,8.814844543289095,,2.4857503377734718
soil.hip.SHSU.2016.067.2016.09.20.day5,summer,2016.067,118.95,active,STAFS,temperate,5,train,train,train,train,train,train,train,train,train,train,,1.2433354422276945,4.0064458737279365,2.9689705936555844
soil.hip.SHSU.2016.067.2016.09.24.day9,summer,2016.067,229.8,advanced,STAFS,temperate,9,test,test,test,test,test,test,test,test,test,test,3.802825353167048,7.616058772317683,3.7506029771398577,3.003786574527572
soil.hip.SHSU.2016.072.2016.11.09.day6,fall,2016.072,100.6,active,STAFS,temperate,6,test,test,test,test,test,test,test,test,test,test,1.5287836053316894,-0.8104132627623786,3.6372066633677065,5.040459333096706
soil.hip.SHSU.2016.072.2016.11.11.day8,fall,2016.072,135.35,active,STAFS,temperate,8,test,test,test,test,test,test,test,test,test,test,1.9045250187241596,0.19031505460560805,2.674559074221947,2.723403608564259
soil.hip.SHSU.2016.072.2016.11.10.day7,fall,2016.072,117.55,active,STAFS,temperate,7,train,train,train,train,train,train,train,train,train,train,1.9102071338611992,-0.36199374184646427,5.652769842633669,2.995565166600765
soil.hip.SHSU.2016.072.2016.11.20.day17,fall,2016.072,289.9,advanced,STAFS,temperate,17,train,train,train,train,train,train,train,train,train,train,1.5773825426040773,1.7209691200660746,7.902854411684485,1.6294573774354602
soil.hip.SHSU.2016.072.2016.11.07.day4,fall,2016.072,62.55,active,STAFS,temperate,4,train,train,train,train,train,train,train,train,train,train,1.729210835956584,0.981231385860938,4.016337222272237,3.5816426547524722
soil.hip.SHSU.2016.072.2016.11.04.day1,fall,2016.072,0.0,initial,STAFS,temperate,1,test,test,test,test,test,test,test,test,test,test,1.1658530294315401,-1.2933531490512085,2.857146110267844,3.331489990546518
soil.hip.SHSU.2016.072.2016.11.08.day5,fall,2016.072,82.0,active,STAFS,temperate,5,train,train,train,train,train,train,train,train,train,train,1.2767257034227661,0.34364735114285416,4.891284363267711,3.7752668233200732
soil.hip.SHSU.2016.072.2016.11.19.day16,fall,2016.072,281.0,advanced,STAFS,temperate,16,test,test,test,test,test,test,test,test,test,test,1.9641981291434103,10.11588141895077,8.391824119076599,2.636555469729828
soil.hip.SHSU.2016.072.2016.11.21.day18,fall,2016.072,305.2,advanced,STAFS,temperate,18,test,test,test,test,test,test,test,test,test,test,1.873997457947775,1.8321384719352007,8.276874824687503,1.463585103553248
soil.hip.SHSU.206.072.2016.11.16.day13,fall,2016.072,230.7,advanced,STAFS,temperate,13,train,train,train,train,train,train,train,train,train,train,1.7630378829863673,3.13699055269136,8.322012162030987,2.1807627061632875
soil.hip.SHSU.2016.072.2016.11.12.day9,fall,2016.072,154.0,active,STAFS,temperate,9,test,test,test,test,test,test,test,test,test,test,1.6831052807194151,1.043937675718757,3.1103356562929942,5.127818200490436
soil.hip.SHSU.2016.072.2016.11.05.day2,fall,2016.072,19.45,early,STAFS,temperate,2,train,train,train,train,train,train,train,train,train,train,1.6880166660986902,-4.924519782107405,1.3116034685183013,
soil.hip.SHSU.2016.072.2016.11.14.day11,fall,2016.072,189.05,active,STAFS,temperate,11,train,train,train,train,train,train,train,train,train,train,1.3346018810297746,0.8664396219994597,6.201357429480492,3.9468968898010424
soil.hip.SHSU.2016.072.2016.11.13.day10,fall,2016.072,170.4,active,STAFS,temperate,10,train,train,train,train,train,train,train,train,train,train,1.306842025623995,2.9404690594795078,6.174842994691003,3.2941291164057587
soil.hip.SHSU.2016.072.2016.11.23.day20,fall,2016.072,342.45,advanced,STAFS,temperate,20,train,train,train,train,train,train,train,train,train,train,3.11105947678168,7.669080438757378,6.799809774041541,1.9597798593589477
soil.hip.SHSU.2016.072.2016.11.06.day3,fall,2016.072,40.6,early,STAFS,temperate,3,train,train,train,train,train,train,train,train,train,train,1.3788963919091923,-1.0122409300239994,3.4968029969898273,4.736648735701939
soil.hip.SHSU.2016.072.2016.11.15.day12,fall,2016.072,209.6,advanced,STAFS,temperate,12,test,test,test,test,test,test,test,test,test,test,1.7103994305425037,4.486077554942146,2.3820129539722608,1.6270083547686545
soil.hip.SHSU.2016.076.2016.11.26.day5,fall,2016.076,63.6,active,STAFS,temperate,5,train,train,train,train,train,train,train,train,train,train,1.52612182599613,3.6098609532269688,4.7940891432554835,3.5396749836076613
soil.hip.SHSU.2016.076.2016.12.08.day17,fall,2016.076,210.25,advanced,STAFS,temperate,17,test,test,test,test,test,test,test,test,test,test,1.4751401146386147,1.5618407416468019,0.6975257725219279,3.4562750274286893
soil.hip.SHSU.2016.076.2016.11.29.day8,fall,2016.076,116.1,active,STAFS,temperate,8,train,train,train,train,train,train,train,train,train,train,4.510729792750659,4.4387208395754705,4.519534157364635,2.9478667408697943
soil.hip.SHSU.2016.076.2016.12.11.day20,fall,2016.076,236.4,advanced,STAFS,temperate,20,train,train,train,train,train,train,train,train,train,train,1.365178003175476,1.942876986436942,1.7423794437960893,3.810375991429872
soil.hip.SHSU.2016.076.2016.12.06.day15,fall,2016.076,190.5,active,STAFS,temperate,15,train,train,train,train,train,train,train,train,train,train,2.7048944537616055,2.638262215597945,0.5596484354887643,3.694372294766798
soil.hip.SHSU.2016.076.2016.12.10.day19,fall,2016.076,219.45,advanced,STAFS,temperate,19,train,train,train,train,train,train,train,train,train,train,1.8236641910140854,1.5586721067387597,2.3095507032877602,4.214797348925755
soil.hip.SHSU.2016.076.2016.12.07.day16,fall,2016.076,203.0,advanced,STAFS,temperate,16,train,train,train,train,train,train,train,train,train,train,1.6746322578211732,1.564109020850748,1.3578015088864337,3.71446181031477
soil.hip.SHSU.2016.076.2016.11.25.day4,fall,2016.076,47.5,early,STAFS,temperate,4,train,train,train,train,train,train,train,train,train,train,1.1782022413570932,3.727451737032516,6.787440194239518,3.7448867818648224
soil.hip.SHSU.2016.076.2016.11.22.day1,fall,2016.076,0.0,initial,STAFS,temperate,1,test,test,test,test,test,test,test,test,test,test,2.337542816842685,,3.74376143420249,
soil.hip.SHSU.2016.076.2016.11.27.day6,fall,2016.076,80.3,active,STAFS,temperate,6,train,train,train,train,train,train,train,train,train,train,1.6823101474783027,4.54663008102261,4.399718422460998,3.1981839320399796
soil.hip.SHSU.2016.076.2016.11.30.day9,fall,2016.076,127.45,active,STAFS,temperate,9,train,train,train,train,train,train,train,train,train,train,1.679042401947763,2.2959662352150083,4.201289457446609,5.832893400107086
soil.hip.SHSU.2016.076.2016.11.28.day7,fall,2016.076,99.45,active,STAFS,temperate,7,test,test,test,test,test,test,test,test,test,test,1.8359010361684582,3.662199915839624,2.2947110365631396,3.426249397197809
soil.hip.SHSU.2016.076.2016.12.01.day10,fall,2016.076,137.75,active,STAFS,temperate,10,train,train,train,train,train,train,train,train,train,train,1.2739116850573922,3.103957406701193,2.527353476110404,3.5702085205275127
soil.hip.SHSU.2016.076.2016.12.12.day21,fall,2016.076,254.5,advanced,STAFS,temperate,21,train,train,train,train,train,train,train,train,train,train,1.4448280889706009,1.839521114928374,6.769613673740944,4.520942153782903
soil.hip.SHSU.2016.076.2016.12.03.day12,fall,2016.076,159.15,active,STAFS,temperate,12,train,train,train,train,train,train,train,train,train,train,2.5195449429572374,3.2125515406379,3.3021244549387063,5.225420430090927
soil.hip.SHSU.2016.076.2016.12.05.day14,fall,2016.076,178.6,active,STAFS,temperate,14,train,train,train,train,train,train,train,train,train,train,1.8430938775224206,3.5559260381659463,0.2510123276038261,3.9036993879273054
soil.hip.SHSU.2016.076.2016.12.04.day13,fall,2016.076,169.15,active,STAFS,temperate,13,train,train,train,train,train,train,train,train,train,train,2.069431229385131,3.910916696233632,2.764725534679682,3.431585375454646
soil.hip.SHSU.2016.076.2016.12.09.day18,fall,2016.076,213.9,advanced,STAFS,temperate,18,train,train,train,train,train,train,train,train,train,train,1.2705123393628206,1.3591736717417566,0.24572827920645324,4.58368141798022
soil.hip.SHSU.2016.076.2016.12.02.day11,fall,2016.076,149.4,active,STAFS,temperate,11,train,train,train,train,train,train,train,train,train,train,1.2604310046975495,2.732074496899102,2.807259354607666,3.8591988116812357
soil.hip.SHSU.2016.076.2016.11.23.day2,fall,2016.076,15.55,early,STAFS,temperate,2,train,train,train,train,train,train,train,train,train,train,1.975958076566883,4.867021521161618,7.7688398696579295,1.986526074709178
soil.hip.SHSU.2017.043.2017.11.30.day1,winter,2017.043,0.0,initial,STAFS,temperate,1,test,test,test,test,test,test,test,test,test,test,2.5547308361055165,,2.926739402067039,3.944640808490442
soil.hip.SHSU.2017.043.2017.12.16.day17,winter,2017.043,180.3,active,STAFS,temperate,17,train,train,train,train,train,train,train,train,train,train,0.016615746034604584,0.2852857143139378,5.133590118155034,2.4507841374557464
soil.hip.SHSU.2017.043.2017.12.19.day20,winter,2017.043,225.85,advanced,STAFS,temperate,20,train,train,train,train,train,train,train,train,train,train,1.3809617522927127,2.2306456507828685,1.5870743163472412,3.7151364558800255
soil.hip.SHSU.2017.043.2017.12.01.day2,winter,2017.043,14.75,early,STAFS,temperate,2,train,train,train,train,train,train,train,train,train,train,1.2186975129194622,,,1.5462245076013037
soil.hip.SHSU.2017.043.2017.12.12.day13,winter,2017.043,143.4,active,STAFS,temperate,13,train,train,train,train,train,train,train,train,train,train,0.6528569071645727,-0.21339755991790366,3.236395867288364,2.884693586883672
soil.hip.SHSU.2017.043.2017.12.08.day9,winter,2017.043,103.65,active,STAFS,temperate,9,train,train,train,train,train,train,train,train,train,train,0.611127926697792,1.4626262123265796,6.814433121750764,3.331942095209321
soil.hip.SHSU.2017.043.2017.12.02.day3,winter,2017.043,31.95,early,STAFS,temperate,3,train,train,train,train,train,train,train,train,train,train,1.344051773797899,2.839357279407948,4.750712491278749,2.5444645662109915
soil.hip.SHSU.2017.043.2017.12.05.day6,winter,2017.043,88.6,active,STAFS,temperate,6,train,train,train,train,train,train,train,train,train,train,1.1288003796159156,-0.4693854412172769,8.35772841676521,3.3250835729501014
soil.hip.SHSU.2017.043.2017.12.07.day8,winter,2017.043,100.55,active,STAFS,temperate,8,train,train,train,train,train,train,train,train,train,train,1.1687229722100376,-3.4810439394419186,,3.025234270096863
soil.hip.SHSU.2017.043.2017.12.14.day15,winter,2017.043,162.3,active,STAFS,temperate,15,train,train,train,train,train,train,train,train,train,train,0.44066390960885293,3.985388622281107,2.5064674088945784,3.673562032097801
soil.hip.SHSU.2017.043.2017.12.15.day16,winter,2017.043,172.55,active,STAFS,temperate,16,train,train,train,train,train,train,train,train,train,train,0.7841624612777434,3.0596186652966155,5.705184999430287,4.133382679044845
soil.hip.SHSU.2017.043.2017.12.18.day19,winter,2017.043,205.0,advanced,STAFS,temperate,19,train,train,train,train,train,train,train,train,train,train,1.4736314190444375,0.7972497617497076,-1.0091844787668514,3.671926756780099
soil.hip.SHSU.2017.043.2017.12.09.day10,winter,2017.043,111.45,active,STAFS,temperate,10,train,train,train,train,train,train,train,train,train,train,1.5033362154686678,-0.9716525090094619,,3.9523239630451363
soil.hip.SHSU.2016.007.2016.05.04.day20,spring,shsu.2016.007,428.6111111,advanced,STAFS,temperate,20,test,test,test,test,test,test,test,test,test,test,2.6081693026697668,3.374681300203397,,2.4895359300005326
soil.hip.SHSU.2016.007.2016.04.28.day14,spring,shsu.2016.007,296.3888889,advanced,STAFS,temperate,14,train,train,train,train,train,train,train,train,train,train,0.23060485646097106,7.231886472279512,,3.191454086501426
soil.hip.SHSU.2016.007.2016.04.21.day7,spring,shsu.2016.007,132.7777778,active,STAFS,temperate,7,train,train,train,train,train,train,train,train,train,train,0.42423112685204245,9.036715729727735,0.9343092373768331,3.992259589189005
soil.hip.SHSU.2016.007.2016.04.18.day4,spring,shsu.2016.007,67.5,active,STAFS,temperate,4,train,train,train,train,train,train,train,train,train,train,2.003140542531499,3.6019295748022255,0.2623642644674913,5.092312451585446
soil.hip.SHSU.2016.007.2016.04.22.day8,spring,shsu.2016.007,153.8888889,active,STAFS,temperate,8,train,train,train,train,train,train,train,train,train,train,1.6551840342892756,7.928796816978479,,3.6357646572892826
soil.hip.SHSU.2016.007.2016.04.23.day9,spring,shsu.2016.007,174.4444445,active,STAFS,temperate,9,train,train,train,train,train,train,train,train,train,train,1.4325747543217435,6.730578669587341,,4.149542473832376
soil.hip.SHSU.2016.007.2016.04.15.day1,spring,shsu.2016.007,0.0,initial,STAFS,temperate,1,train,train,train,train,train,train,train,train,train,train,2.0639839667673385,-4.421014660795818,-1.538210403145733,5.047903693976371
soil.hip.SHSU.2016.007.2016.05.01.day17,spring,shsu.2016.007,373.6111111,advanced,STAFS,temperate,17,test,test,test,test,test,test,test,test,test,test,2.6454340904338682,6.545798898798488,,2.19916787230523
soil.hip.SHSU.2016.007.2016.04.30.day16,spring,shsu.2016.007,350.0,advanced,STAFS,temperate,16,test,test,test,test,test,test,test,test,test,test,4.2877956287336065,7.681291242488061,,3.4755197224331553
soil.hip.SHSU.2016.007.2016.04.26.day12,spring,shsu.2016.007,247.2222222,advanced,STAFS,temperate,12,train,train,train,train,train,train,train,train,train,train,0.3493047282419557,5.523595996513265,,2.7890242236595073
soil.hip.SHSU.2016.007.2016.05.03.day19,spring,shsu.2016.007,409.1666667,advanced,STAFS,temperate,19,test,test,test,test,test,test,test,test,test,test,4.253623370369203,7.488266213689509,,1.8481158829215119
soil.hip.SHSU.2016.007.2016.04.17.day3,spring,shsu.2016.007,45.83333333,early,STAFS,temperate,3,train,train,train,train,train,train,train,train,train,train,0.08494226751432521,-2.7607607671623553,-0.2795848622191617,4.873285567621306
soil.hip.SHSU.2016.011.2016.04.24.day10,spring,shsu.2016.011,194.7222222,active,STAFS,temperate,10,test,test,test,test,test,test,test,test,test,test,1.5169586973122797,6.480375186390301,,4.174914423651812
soil.hip.SHSU.2016.011.2016.04.17.day3,spring,shsu.2016.011,45.83333333,early,STAFS,temperate,3,train,train,train,train,train,train,train,train,train,train,-0.23152761708936964,0.8950298229363192,,6.338092166471556
soil.hip.SHSU.2016.011.2016.04.22.day8,spring,shsu.2016.011,153.8888889,active,STAFS,temperate,8,train,train,train,train,train,train,train,train,train,train,1.5587423418243382,8.074509057131227,,4.101009918859038
soil.hip.SHSU.2016.011.2016.04.26.day12,spring,shsu.2016.011,247.2222222,advanced,STAFS,temperate,12,train,train,train,train,train,train,train,train,train,train,2.8658143239564584,7.245044654215888,,2.499775771190082
soil.hip.SHSU.2016.011.2016.04.20.day6,spring,shsu.2016.011,111.6666667,active,STAFS,temperate,6,train,train,train,train,train,train,train,train,train,train,0.6641511771636672,7.314107757396022,,5.104446600639191
soil.hip.SHSU.2016.011.2016.05.01.day17,spring,shsu.2016.011,373.6111111,advanced,STAFS,temperate,17,test,test,test,test,test,test,test,test,test,test,3.7768610137900236,8.195487149523572,,1.9759115519637556
soil.hip.SHSU.2016.011.2016.04.25.day11,spring,shsu.2016.011,220.5555556,advanced,STAFS,temperate,11,train,train,train,train,train,train,train,train,train,train,,6.99472108932582,,2.4362129045303194
soil.hip.SHSU.2016.011.2016.04.18.day4,spring,shsu.2016.011,67.5,active,STAFS,temperate,4,train,train,train,train,train,train,train,train,train,train,0.5818578627961806,4.194433143164014,0.8803587226480918,6.892772041137231
soil.hip.SHSU.2016.011.2016.04.28.day14,spring,shsu.2016.011,296.3888889,advanced,STAFS,temperate,14,test,test,test,test,test,test,test,test,test,test,0.662340277543322,8.770015547655607,,1.747170850774256
soil.hip.SHSU.2016.011.2016.05.05.day21,spring,shsu.2016.011,449.1666667,advanced,STAFS,temperate,21,train,train,train,train,train,train,train,train,train,train,2.004305455448259,6.229428031015262,,2.9447783468227957
soil.hip.SHSU.2016.011.2016.04.19.day5,spring,shsu.2016.011,90.55555556,active,STAFS,temperate,5,test,test,test,test,test,test,test,test,test,test,3.290816431475834,6.5772632129458595,,5.909245695280558
soil.hip.SHSU.2016.011.2016.04.27.day13,spring,shsu.2016.011,271.1111111,advanced,STAFS,temperate,13,test,test,test,test,test,test,test,test,test,test,3.048635022659944,7.5894277061309445,,3.4022806098856897
soil.hip.SHSU.2016.011.2016.05.02.day18,spring,shsu.2016.011,391.6666667,advanced,STAFS,temperate,18,train,train,train,train,train,train,train,train,train,train,2.446256638332583,7.785621553461233,,1.533003306202394
soil.hip.SHSU.2016.011.2016.04.15.day1,spring,shsu.2016.011,0.0,initial,STAFS,temperate,1,train,train,train,train,train,train,train,train,train,train,1.8964525405262869,-6.382203367681158,-0.8195779516348916,3.731122648313484
soil.hip.SHSU.2016.011.2016.04.21.day7,spring,shsu.2016.011,132.7777778,active,STAFS,temperate,7,train,train,train,train,train,train,train,train,train,train,0.10528471411866747,7.28731772055471,,4.206730514888269
soil.hip.SHSU.2016.011.2016.04.30.day16,spring,shsu.2016.011,350.0,advanced,STAFS,temperate,16,train,train,train,train,train,train,train,train,train,train,1.9788841182972927,6.166243344712488,,2.3528539818336354
soil.hip.SHSU.2016.011.2016.05.03.day19,spring,shsu.2016.011,409.1666667,advanced,STAFS,temperate,19,train,train,train,train,train,train,train,train,train,train,1.3206850067631581,7.97371010186056,,2.6947863153319194
soil.hip.SHSU.2016.024.2016.04.30.day16,spring,shsu.2016.024,350.0,advanced,STAFS,temperate,16,train,train,train,train,train,train,train,train,train,train,2.477206950011304,3.308006127942348,,6.596974823333475
soil.hip.SHSU.2016.024.2016.04.23.day9,spring,shsu.2016.024,174.4444445,active,STAFS,temperate,9,train,train,train,train,train,train,train,train,train,train,1.9164377818806884,5.369116315056115,5.544632237741842,3.0986575013538173
soil.hip.SHSU.2016.024.2016.04.27.day13,spring,shsu.2016.024,271.1111111,advanced,STAFS,temperate,13,train,train,train,train,train,train,train,train,train,train,3.027586570304125,7.261770885066938,3.4167618982032666,1.4817232434662193
soil.hip.SHSU.2016.024.2016.04.25.day11,spring,shsu.2016.024,220.5555556,advanced,STAFS,temperate,11,train,train,train,train,train,train,train,train,train,train,3.582742788065014,5.711027395850858,,2.792397093388381
soil.hip.SHSU.2016.024.2016.04.29.day15,spring,shsu.2016.024,324.4444445,advanced,STAFS,temperate,15,train,train,train,train,train,train,train,train,train,train,3.4018577169491646,5.105342748663522,,2.185717744295527
soil.hip.SHSU.2016.024.2016.05.01.day17,spring,shsu.2016.024,373.6111111,advanced,STAFS,temperate,17,train,train,train,train,train,train,train,train,train,train,2.5098854662438708,5.341970998188573,,2.948919744919132
soil.hip.SHSU.2016.024.2016.04.19.day5,spring,shsu.2016.024,90.55555556,active,STAFS,temperate,5,train,train,train,train,train,train,train,train,train,train,4.500632872045729,5.694330762279796,,4.845193771546523
soil.hip.SHSU.2016.024.2016.04.18.day4,spring,shsu.2016.024,67.5,active,STAFS,temperate,4,train,train,train,train,train,train,train,train,train,train,0.3884187958894145,3.9011266430927956,2.079441541679836,3.1932771844477736
soil.hip.SHSU.2016.024.2016.04.17.day3,spring,shsu.2016.024,45.83333333,early,STAFS,temperate,3,test,test,test,test,test,test,test,test,test,test,1.914865768292474,-0.6681653852705427,0.5596157879354227,
soil.hip.SHSU.2016.024.2016.04.15.day1,spring,shsu.2016.024,0.0,initial,STAFS,temperate,1,train,train,train,train,train,train,train,train,train,train,0.1682414986996612,-2.5685506398670563,1.4469189829363254,3.9096327385930674
soil.hip.SHSU.2016.024.2016.05.03.day19,spring,shsu.2016.024,409.1666667,advanced,STAFS,temperate,19,train,train,train,train,train,train,train,train,train,train,1.3592581471705945,8.28437087804039,,1.9870532568066315
soil.hip.SHSU.2016.024.2016.05.04.day20,spring,shsu.2016.024,428.6111111,advanced,STAFS,temperate,20,train,train,train,train,train,train,train,train,train,train,2.00064338491139,7.069672036189841,,1.9202944607878925
soil.hip.SHSU.2016.024.2016.05.02.day18,spring,shsu.2016.024,391.6666667,advanced,STAFS,temperate,18,train,train,train,train,train,train,train,train,train,train,1.8930889290924782,5.267885856741068,,2.3651708289829445
soil.hip.SHSU.2016.024.2016.04.20.day6,spring,shsu.2016.024,111.6666667,active,STAFS,temperate,6,train,train,train,train,train,train,train,train,train,train,2.651567819333028,7.4590265200965655,0.8938178760220965,3.2179236260783677
soil.hip.SHSU.2016.024.2016.04.21.day7,spring,shsu.2016.024,132.7777778,active,STAFS,temperate,7,train,train,train,train,train,train,train,train,train,train,2.283516035420746,7.414916272257025,0.40546510810816416,3.1385365745066807
